{
  "hash": "c17a5f7d",
  "browserHash": "6c466bbb",
  "optimized": {
    "@angular/core": {
      "src": "../../../../../node_modules/@angular/core/fesm2022/core.mjs",
      "file": "@angular_core.js",
      "fileHash": "59ea706a",
      "needsInterop": false
    },
    "@angular/forms": {
      "src": "../../../../../node_modules/@angular/forms/fesm2022/forms.mjs",
      "file": "@angular_forms.js",
      "fileHash": "9a43cfcf",
      "needsInterop": false
    },
    "@angular/platform-browser": {
      "src": "../../../../../node_modules/@angular/platform-browser/fesm2022/platform-browser.mjs",
      "file": "@angular_platform-browser.js",
      "fileHash": "7a047f60",
      "needsInterop": false
    }
  },
  "chunks": {
    "chunk-K367I5ZA": {
      "file": "chunk-K367I5ZA.js"
    },
    "chunk-DLAM7SLB": {
      "file": "chunk-DLAM7SLB.js"
    }
  }
}